-- 大吉CRM デモseed（mocks / crm-demo MCP と整合）。固定UUIDで参照整合・テスト決定性を確保。
-- 冪等: 各 insert は on conflict do nothing。dev/test で投入（本番は別途）。

-- ===== スタッフ =====
-- 44444444-… は実運用の管理者（dev で自分としてログインする用。dev認証はパスワード不問）。
-- 本番は seed を投入せず scripts/create-admin.mjs で Supabase Auth 込みで作成する。
insert into app_users (id, name, email, role, active, avatar_initial) values
  ('11111111-1111-1111-1111-111111111111','山田 健太','yamada@daikichi.example','admin', true,'山'),
  ('22222222-2222-2222-2222-222222222222','佐藤 京子','sato@daikichi.example','staff', true,'佐'),
  ('33333333-3333-3333-3333-333333333333','田中 一郎','tanaka@daikichi.example','staff', true,'田'),
  ('44444444-4444-4444-4444-444444444444','塩尻','fuga.shiojiri@daikichi-accg.co.jp','admin', true,'塩'),
  ('55555555-5555-5555-5555-555555555555','大吉info','info@daikichi-accg.co.jp','admin', true,'大')
on conflict (id) do nothing;

-- ===== マスタ: 業種(18) / メルマガトピック(5) / タグ(13) =====
insert into industries (label, sort) values
  ('農林漁業',1),('建設',2),('製造',3),('卸売',4),('小売',5),('飲食',6),('宿泊・観光',7),
  ('運輸・物流',8),('IT・情報通信',9),('不動産',10),('金融・保険',11),('専門サービス',12),
  ('医療・福祉',13),('教育・学習支援',14),('美容・理容',15),('生活関連サービス',16),
  ('広告・メディア',17),('その他',18)
on conflict (label) do nothing;

insert into newsletter_topics (label, sort) values
  ('税制改正ニュース',1),('セミナー・勉強会案内',2),('経営お役立ち情報',3),
  ('年末調整のお知らせ',4),('決算前リマインド',5)
on conflict (label) do nothing;

insert into tags (label) values
  ('集客'),('EC強化'),('食材卸'),('配送代行'),('記帳代行'),('Web広告'),('ブランディング'),
  ('店舗内装'),('人材採用'),('販路拡大'),('システム開発'),('資金調達'),('海産物卸')
on conflict (label) do nothing;

-- ===== companies(10) =====
insert into companies (id, type, name, industry, area, size, needs, offers, status, owner_id, notes, fiscal_month) values
 ('aaaaaaaa-0000-0000-0000-000000000001','法人','株式会社 大吉商事','卸売','東京都','1億〜10億', array['集客','EC強化'], array['食材卸','配送代行'],'顧問中','11111111-1111-1111-1111-111111111111','地方の生産者ネットワークが強み。EC・物販の協業先を探している。次回訪問は7月上旬。',3),
 ('aaaaaaaa-0000-0000-0000-000000000002','個人事業主','みどり食堂','飲食','大阪府','〜1千万', array['食材卸','集客'], array[]::text[],'見込み','22222222-2222-2222-2222-222222222222','',null),
 ('aaaaaaaa-0000-0000-0000-000000000003','個人事業主','佐藤デザイン事務所','広告・メディア','福岡県','〜1千万', array['記帳代行'], array['Web広告','集客','ブランディング','EC強化'],'顧問中','11111111-1111-1111-1111-111111111111','',null),
 ('aaaaaaaa-0000-0000-0000-000000000004','法人','鈴木工務店','建設','愛知県','5千万〜1億', array['集客','人材採用'], array['店舗内装'],'顧問中','33333333-3333-3333-3333-333333333333','',9),
 ('aaaaaaaa-0000-0000-0000-000000000005','法人','テック合同会社','IT・情報通信','東京都','1千万〜5千万', array['販路拡大','人材採用'], array['システム開発','EC強化'],'顧問中','11111111-1111-1111-1111-111111111111','',12),
 ('aaaaaaaa-0000-0000-0000-000000000006','法人','株式会社 北斗ロジ','運輸・物流','北海道','1億〜10億', array['資金調達'], array['配送代行'],'顧問中','22222222-2222-2222-2222-222222222222','',null),
 ('aaaaaaaa-0000-0000-0000-000000000007','個人事業主','山本会計サポート','専門サービス','東京都','不明', array[]::text[], array['記帳代行'],'休眠','33333333-3333-3333-3333-333333333333','',null),
 ('aaaaaaaa-0000-0000-0000-000000000008','個人事業主','カフェ・ひだまり','飲食','京都府','〜1千万', array['集客','資金調達'], array[]::text[],'見込み','22222222-2222-2222-2222-222222222222','',null),
 ('aaaaaaaa-0000-0000-0000-000000000009','法人','合同会社 海風マリン','卸売','福岡県','1千万〜5千万', array['販路拡大','EC強化'], array['海産物卸'],'見込み','22222222-2222-2222-2222-222222222222','',4),
 ('aaaaaaaa-0000-0000-0000-000000000010','法人','さくら美容室','美容・理容','京都府','〜1千万', array['集客'], array[]::text[],'見込み','11111111-1111-1111-1111-111111111111','',null)
on conflict (id) do nothing;

-- ===== contacts(10) =====
insert into contacts (id, company_id, name, name_kana, title, department, email, phone, mobile, is_primary, opt_in, topics) values
 ('bbbbbbbb-0000-0000-0000-000000000001','aaaaaaaa-0000-0000-0000-000000000001','佐藤 太郎','サトウ タロウ','部長','営業部','sato@daikichi-shoji.co.jp','03-1234-5678','090-1111-2222',true,true, array['税制改正ニュース','セミナー・勉強会案内']),
 ('bbbbbbbb-0000-0000-0000-000000000002','aaaaaaaa-0000-0000-0000-000000000002','緑川 みどり','ミドリカワ ミドリ','代表','','midori@midori-shokudo.jp','06-6543-2100','080-3333-4444',true,true, array['セミナー・勉強会案内','経営お役立ち情報']),
 ('bbbbbbbb-0000-0000-0000-000000000003','aaaaaaaa-0000-0000-0000-000000000003','佐藤 花子','サトウ ハナコ','代表','','hanako@sato-design.jp','092-100-2200','080-5555-1212',true,true, array['経営お役立ち情報']),
 ('bbbbbbbb-0000-0000-0000-000000000004','aaaaaaaa-0000-0000-0000-000000000004','鈴木 大輔','スズキ ダイスケ','専務取締役','','suzuki@suzuki-koumuten.jp','052-700-3300','090-7777-8888',true,false, array['年末調整のお知らせ']),
 ('bbbbbbbb-0000-0000-0000-000000000005','aaaaaaaa-0000-0000-0000-000000000005','田中 啓介','タナカ ケイスケ','CTO','技術部','tanaka@tech-llc.jp','03-4000-5500','080-1212-3434',true,true, array['税制改正ニュース','経営お役立ち情報']),
 ('bbbbbbbb-0000-0000-0000-000000000006','aaaaaaaa-0000-0000-0000-000000000006','北野 進','キタノ ススム','物流部長','物流部','kitano@hokuto-logi.jp','011-300-9900','090-2222-3333',true,true, array['決算前リマインド']),
 ('bbbbbbbb-0000-0000-0000-000000000007','aaaaaaaa-0000-0000-0000-000000000007','山本 浩','ヤマモト ヒロシ','代表','','yamamoto@yamamoto-as.jp','03-8800-1100','080-4444-5555',true,false, array[]::text[]),
 ('bbbbbbbb-0000-0000-0000-000000000008','aaaaaaaa-0000-0000-0000-000000000008','日向 葵','ヒナタ アオイ','店主','','aoi@hidamari-cafe.jp','075-555-6677','080-6666-7777',true,true, array['セミナー・勉強会案内']),
 ('bbbbbbbb-0000-0000-0000-000000000009','aaaaaaaa-0000-0000-0000-000000000009','大島 涼','オオシマ リョウ','課長','仕入課','oshima@umikaze.jp','092-300-7700','080-9999-0000',false,false, array[]::text[]),
 ('bbbbbbbb-0000-0000-0000-000000000010','aaaaaaaa-0000-0000-0000-000000000010','高橋 結衣','タカハシ ユイ','店長','','yui@sakura-bes.jp','075-222-1188','090-5555-6666',true,true, array['セミナー・勉強会案内','経営お役立ち情報'])
on conflict (id) do nothing;

-- 名刺（大吉商事の佐藤さん・北斗ロジの北野さんに表面画像メタ）
insert into business_cards (contact_id, front_path, ocr_status) values
 ('bbbbbbbb-0000-0000-0000-000000000001','cards/p_sato_front.jpg','完了'),
 ('bbbbbbbb-0000-0000-0000-000000000006','cards/p_kitano_front.jpg','完了')
on conflict do nothing;

-- ===== company_documents(19) =====
insert into company_documents (company_id, category, file_name, size_bytes, uploaded_by, created_at) values
 ('aaaaaaaa-0000-0000-0000-000000000001','提案資料','御見積書_EC構築_2026.pdf',480*1024,'11111111-1111-1111-1111-111111111111','2026-06-12'),
 ('aaaaaaaa-0000-0000-0000-000000000001','商品・サービス資料','商品カタログ_業務用パッケージ_2026春.pdf',3277*1024,'22222222-2222-2222-2222-222222222222','2026-06-01'),
 ('aaaaaaaa-0000-0000-0000-000000000001','商品・サービス資料','会社案内_パンフ.jpg',1126*1024,'22222222-2222-2222-2222-222222222222','2026-05-20'),
 ('aaaaaaaa-0000-0000-0000-000000000001','決算書','決算書_2025年3月期.xlsx',220*1024,'33333333-3333-3333-3333-333333333333','2025-11-05'),
 ('aaaaaaaa-0000-0000-0000-000000000001','契約書','顧問契約書_締結済.pdf',640*1024,'11111111-1111-1111-1111-111111111111','2025-11-02'),
 ('aaaaaaaa-0000-0000-0000-000000000001','その他','業務フロー説明資料.docx',95*1024,'33333333-3333-3333-3333-333333333333','2026-04-10'),
 ('aaaaaaaa-0000-0000-0000-000000000005','提案資料','システム開発_提案書_v2.pdf',780*1024,'11111111-1111-1111-1111-111111111111','2026-06-10'),
 ('aaaaaaaa-0000-0000-0000-000000000005','商品・サービス資料','サービス紹介資料_SaaS.pdf',1433*1024,'33333333-3333-3333-3333-333333333333','2026-05-15'),
 ('aaaaaaaa-0000-0000-0000-000000000003','商品・サービス資料','ポートフォリオ_2026.pdf',5734*1024,'11111111-1111-1111-1111-111111111111','2026-03-30'),
 ('aaaaaaaa-0000-0000-0000-000000000003','提案資料','Web広告_提案資料.pdf',900*1024,'11111111-1111-1111-1111-111111111111','2026-06-08'),
 ('aaaaaaaa-0000-0000-0000-000000000006','商品・サービス資料','配送サービス料金表_2026.pdf',350*1024,'22222222-2222-2222-2222-222222222222','2026-04-22'),
 ('aaaaaaaa-0000-0000-0000-000000000006','契約書','顧問契約書.pdf',610*1024,'22222222-2222-2222-2222-222222222222','2025-09-01'),
 ('aaaaaaaa-0000-0000-0000-000000000009','商品・サービス資料','商品カタログ_海産物_2026.pdf',2867*1024,'22222222-2222-2222-2222-222222222222','2026-06-18'),
 ('aaaaaaaa-0000-0000-0000-000000000009','決算書','決算書_2025年4月期.xlsx',240*1024,'22222222-2222-2222-2222-222222222222','2026-06-15'),
 ('aaaaaaaa-0000-0000-0000-000000000004','商品・サービス資料','施工事例集.pdf',4198*1024,'33333333-3333-3333-3333-333333333333','2026-02-10'),
 ('aaaaaaaa-0000-0000-0000-000000000004','契約書','顧問契約書.pdf',600*1024,'33333333-3333-3333-3333-333333333333','2025-08-01'),
 ('aaaaaaaa-0000-0000-0000-000000000002','その他','メニュー表.pdf',300*1024,'22222222-2222-2222-2222-222222222222','2026-05-01'),
 ('aaaaaaaa-0000-0000-0000-000000000010','商品・サービス資料','サービスメニュー_料金表.pdf',420*1024,'11111111-1111-1111-1111-111111111111','2026-06-05')
on conflict do nothing;

-- ===== schedule_items（自動生成＋手動・dashboard/company-detail と整合） =====
insert into schedule_items (company_id, kind, title, due_date, source, rule_key, assignee, status) values
 ('aaaaaaaa-0000-0000-0000-000000000001','手動タスク','試算表の確認・送付','2026-06-15','手動',null,'11111111-1111-1111-1111-111111111111','未対応'),
 ('aaaaaaaa-0000-0000-0000-000000000001','手動タスク','決算書の回収フォロー','2026-06-20','手動',null,'11111111-1111-1111-1111-111111111111','未対応'),
 ('aaaaaaaa-0000-0000-0000-000000000001','申告・納付','消費税 中間申告・納付','2026-08-31','自動','shouhizei_chukan',null,'未対応'),
 ('aaaaaaaa-0000-0000-0000-000000000009','申告・納付','法人税・消費税 確定申告','2026-06-30','自動','houjin_shinkoku','22222222-2222-2222-2222-222222222222','対応中'),
 ('aaaaaaaa-0000-0000-0000-000000000005','決算準備','決算準備リマインド','2026-09-30','自動','kessan_prep',null,'未対応'),
 ('aaaaaaaa-0000-0000-0000-000000000004','手動タスク','現場ヒアリング日程調整','2026-06-26','手動',null,'33333333-3333-3333-3333-333333333333','未対応')
on conflict do nothing;

-- ===== activities(13) =====
insert into activities (company_id, contact_id, kind, title, source, source_kind, source_id, status, actor, actor_label, occurred_at) values
 ('aaaaaaaa-0000-0000-0000-000000000009',null,'タスク','法人税・消費税 申告書ドラフトを作成完了（レビュー待ち）','自動','schedule','sch_umikaze_kessan','対応中','22222222-2222-2222-2222-222222222222','佐藤 京子','2026-06-23 14:00:00+09'),
 ('aaaaaaaa-0000-0000-0000-000000000005','bbbbbbbb-0000-0000-0000-000000000005','議事録','「6月度 定例MTG」を Notta から取込・要約（次アクション3件抽出）','自動','note','note_tech_0623',null,'33333333-3333-3333-3333-333333333333','田中 一郎','2026-06-23 11:15:00+09'),
 ('aaaaaaaa-0000-0000-0000-000000000002','bbbbbbbb-0000-0000-0000-000000000002','電話','初回提案のフォロー。来週の対面打ち合わせで合意','手動',null,null,null,'22222222-2222-2222-2222-222222222222','佐藤 京子','2026-06-23 09:40:00+09'),
 ('aaaaaaaa-0000-0000-0000-000000000004','bbbbbbbb-0000-0000-0000-000000000004','面談・訪問','現場訪問。採用の相談あり → needs に「人材採用」を追加','手動',null,null,null,'33333333-3333-3333-3333-333333333333','田中 一郎','2026-06-22 16:30:00+09'),
 ('aaaaaaaa-0000-0000-0000-000000000003',null,'メール','5月分の記帳資料の受領を確認し返信','手動',null,null,null,'11111111-1111-1111-1111-111111111111','山田 健太','2026-06-22 10:05:00+09'),
 ('aaaaaaaa-0000-0000-0000-000000000001',null,'紹介','協業先紹介を打診（集客 / EC強化）→ 佐藤デザイン事務所。打診中','自動','referral','ref_daikichi_satodesign','対応中','11111111-1111-1111-1111-111111111111','山田 健太','2026-06-20 15:20:00+09'),
 (null,null,'メルマガ','配信「税制改正ニュース 6月号」対象38名（成功36 / 停止スキップ2）','自動','newsletter','nl_202606',null,'11111111-1111-1111-1111-111111111111','山田 健太','2026-06-20 09:00:00+09'),
 ('aaaaaaaa-0000-0000-0000-000000000008',null,'フォーム','公開フォームから新規問い合わせを受信（未取込）','自動','form','form_himawari_0619','未対応',null,'システム','2026-06-19 17:45:00+09'),
 ('aaaaaaaa-0000-0000-0000-000000000006','bbbbbbbb-0000-0000-0000-000000000006','名刺','北野さんの名刺を OCR 取込し担当者に登録','自動','card','card_kitano',null,'22222222-2222-2222-2222-222222222222','佐藤 京子','2026-06-19 13:10:00+09'),
 ('aaaaaaaa-0000-0000-0000-000000000001','bbbbbbbb-0000-0000-0000-000000000001','メール','御見積書（EC構築）送付の連絡','手動',null,null,null,'11111111-1111-1111-1111-111111111111','山田 健太','2026-06-18 13:30:00+09'),
 ('aaaaaaaa-0000-0000-0000-000000000001',null,'タスク','試算表の確認・送付','手動',null,null,'完了','11111111-1111-1111-1111-111111111111','山田 健太','2026-06-15 17:00:00+09'),
 ('aaaaaaaa-0000-0000-0000-000000000001',null,'資料','御見積書_EC構築_2026.pdf をアップロード','自動','document','doc_daikichi_mitsumori',null,'11111111-1111-1111-1111-111111111111','山田 健太','2026-06-12 10:20:00+09'),
 ('aaaaaaaa-0000-0000-0000-000000000005','bbbbbbbb-0000-0000-0000-000000000005','電話','開発スケジュールの確認','手動',null,null,null,'33333333-3333-3333-3333-333333333333','田中 一郎','2026-06-16 15:30:00+09')
on conflict do nothing;

-- ===== meetings(2) / notes(2) =====
insert into meetings (company_id, title, start_at, location, attendees, note_status) values
 ('aaaaaaaa-0000-0000-0000-000000000001','EC協業の打ち合わせ','2026-06-19 10:00:00+09','🎥 Google Meet', array['佐藤 太郎','山田 健太'],'取込済'),
 ('aaaaaaaa-0000-0000-0000-000000000005','6月度 定例MTG','2026-06-23 11:00:00+09','本社 会議室A', array['田中 啓介','田中 一郎'],'取込済')
on conflict do nothing;

insert into notes (company_id, title, summary, next_actions, full_text, source, occurred_at) values
 ('aaaaaaaa-0000-0000-0000-000000000005','6月度 定例MTG','ECサイト構築をテック合同会社に依頼する方向。販路拡大の打ち手として受発注をオンライン化。', array['出荷量データを共有','見積もりの提示','次回日程の調整'],'（全文）...定例MTGの文字起こし全文...','Notta','2026-06-23 11:15:00+09'),
 ('aaaaaaaa-0000-0000-0000-000000000001','EC協業の打ち合わせ','5月の売上と仕入の振り返り。EC化に向けた準備状況を確認。決算に向けた書類の段取り。', array['商品カタログの共有','配送代行の条件整理'],'（全文）...打ち合わせの文字起こし全文...','Notta','2026-06-19 10:00:00+09')
on conflict do nothing;

-- ===== form_submissions(1・未取込) =====
insert into form_submissions (payload, status) values
 (jsonb_build_object('type','個人事業主','name','カフェ・ひだまり','industry','飲食','area','京都府','size','〜1千万','needs', array['集客','資金調達'],'offers', array[]::text[],'contact','日向 葵','email','aoi@hidamari-cafe.jp','message','資金調達と集客について相談したいです'),'未対応')
on conflict do nothing;

-- ===== newsletters(1・送信済) + recipients =====
insert into newsletters (id, subject, body, topic_ids, status, target_count, sent_count, failed_count, skipped_count, sent_at, created_by) values
 ('cccccccc-0000-0000-0000-000000000001','税制改正ニュース 6月号','{{会社名}} ご担当者さま\n\n6月の税制改正の要点をお届けします。…','{税制改正ニュース}','送信済',38,36,0,2,'2026-06-20 09:00:00+09','11111111-1111-1111-1111-111111111111')
on conflict (id) do nothing;

-- ===== referrals(1・打診中) =====
insert into referrals (from_company_id, to_company_id, kind, matched_tags, status, note, created_by) values
 ('aaaaaaaa-0000-0000-0000-000000000001','aaaaaaaa-0000-0000-0000-000000000003','協業先紹介', array['集客','EC強化'],'打診中','大吉商事の集客/EC強化ニーズに佐藤デザインを打診','11111111-1111-1111-1111-111111111111')
on conflict do nothing;

insert into newsletter_recipients (newsletter_id, contact_id, name, company, email, status) values
 ('cccccccc-0000-0000-0000-000000000001','bbbbbbbb-0000-0000-0000-000000000001','佐藤 太郎','株式会社 大吉商事','sato@daikichi-shoji.co.jp','送信'),
 ('cccccccc-0000-0000-0000-000000000001','bbbbbbbb-0000-0000-0000-000000000005','田中 啓介','テック合同会社','tanaka@tech-llc.jp','送信'),
 ('cccccccc-0000-0000-0000-000000000001','bbbbbbbb-0000-0000-0000-000000000004','鈴木 大輔','鈴木工務店','suzuki@suzuki-koumuten.jp','停止スキップ')
on conflict do nothing;

-- =====================================================================
-- ===== 期限・タスク v2（親子課題・所内課題・コメント/履歴。mockups/schedule.html と整合） =====
-- 期日は投入日基準の相対日付（current_date）で、いつ seed してもモック同等の見え方になる。
-- 固定UUID: 課題 = eeeeeeee-0000-0000-0000-0000000000NN

-- 北斗ロジは7月決算（決算準備ツリーの前提）
update companies set fiscal_month = 7 where id = 'aaaaaaaa-0000-0000-0000-000000000006' and fiscal_month is null;

-- 海風マリンの旧・単発「確定申告」自動行は、親子ツリー（下の eeeeeeee-…-04）へ置き換える
delete from schedule_items where company_id = 'aaaaaaaa-0000-0000-0000-000000000009' and rule_key = 'houjin_shinkoku' and id::text not like 'eeeeeeee-%';

insert into schedule_items (id, company_id, parent_id, scope, kind, title, description, start_date, due_date, source, rule_key, assignee, status, progress, done_at) values
 -- 単独（顧客）
 ('eeeeeeee-0000-0000-0000-000000000001','aaaaaaaa-0000-0000-0000-000000000007',null,'client','手動タスク','5月分 記帳資料の回収（未着）',null,
   (now() at time zone 'Asia/Tokyo')::date - 7, (now() at time zone 'Asia/Tokyo')::date - 3,'手動',null,'33333333-3333-3333-3333-333333333333','未対応',0,null),
 ('eeeeeeee-0000-0000-0000-000000000002','aaaaaaaa-0000-0000-0000-000000000002',null,'client','手動タスク','面談フォロー連絡（見込み・初回提案）',null,
   (now() at time zone 'Asia/Tokyo')::date, (now() at time zone 'Asia/Tokyo')::date,'手動',null,'22222222-2222-2222-2222-222222222222','対応中',50,null),
 ('eeeeeeee-0000-0000-0000-000000000003','aaaaaaaa-0000-0000-0000-000000000004',null,'client','申告・納付','源泉所得税 納期特例分 納付',null,
   null, (now() at time zone 'Asia/Tokyo')::date + 2,'自動','gensen_tokurei','33333333-3333-3333-3333-333333333333','未対応',0,null),
 -- 親課題ツリー: 海風マリン 申告（4月決算）
 ('eeeeeeee-0000-0000-0000-000000000004','aaaaaaaa-0000-0000-0000-000000000009',null,'client','申告・納付','法人税・消費税 申告（4月決算）',
   E'4月決算の法人税・消費税の申告一式。電子申告は e-Tax / eLTAX を使用。\n・消費税は本則課税。インボイス経過措置の売手負担分に注意。\n・納付はダイレクト納付設定済み（納付書の送付は不要）。\n・完了条件: 受信通知の保存 ＋ お客様への納付金額のご案内メール送信まで。',
   (now() at time zone 'Asia/Tokyo')::date - 5, (now() at time zone 'Asia/Tokyo')::date + 7,'自動','houjin_shinkoku','22222222-2222-2222-2222-222222222222','対応中',0,null),
 ('eeeeeeee-0000-0000-0000-000000000005','aaaaaaaa-0000-0000-0000-000000000009','eeeeeeee-0000-0000-0000-000000000004','client','申告・納付','申告書ドラフト作成',null,
   (now() at time zone 'Asia/Tokyo')::date - 5, (now() at time zone 'Asia/Tokyo')::date - 1,'自動',null,'22222222-2222-2222-2222-222222222222','完了',100,
   (((now() at time zone 'Asia/Tokyo')::date - 1) + time '18:02') at time zone 'Asia/Tokyo'),
 ('eeeeeeee-0000-0000-0000-000000000006','aaaaaaaa-0000-0000-0000-000000000009','eeeeeeee-0000-0000-0000-000000000004','client','申告・納付','所内レビュー・修正',null,
   (now() at time zone 'Asia/Tokyo')::date + 1, (now() at time zone 'Asia/Tokyo')::date + 3,'自動',null,'11111111-1111-1111-1111-111111111111','対応中',50,null),
 ('eeeeeeee-0000-0000-0000-000000000007','aaaaaaaa-0000-0000-0000-000000000009','eeeeeeee-0000-0000-0000-000000000004','client','申告・納付','電子申告・納付のご案内',null,
   null, (now() at time zone 'Asia/Tokyo')::date + 7,'自動',null,'22222222-2222-2222-2222-222222222222','未対応',0,null),
 -- 所内（大吉会計）
 ('eeeeeeee-0000-0000-0000-000000000008',null,null,'internal','所内業務','所内経理の月次締め（' || to_char((now() at time zone 'Asia/Tokyo')::date,'FMMM') || '月分）',null,
   (now() at time zone 'Asia/Tokyo')::date + 8, (now() at time zone 'Asia/Tokyo')::date + 12,'手動',null,'11111111-1111-1111-1111-111111111111','未対応',0,null),
 ('eeeeeeee-0000-0000-0000-000000000009',null,null,'internal','所内業務','メルマガ ' || to_char((now() at time zone 'Asia/Tokyo')::date + 14,'FMMM') || '月号の企画・配信',
   'メルマガ画面（下書き→配信）と連動。特集・セグメント・配信後チェックまでを子課題で管理。',
   (now() at time zone 'Asia/Tokyo')::date + 1, (now() at time zone 'Asia/Tokyo')::date + 14,'手動',null,'22222222-2222-2222-2222-222222222222','対応中',0,null),
 ('eeeeeeee-0000-0000-0000-000000000010',null,'eeeeeeee-0000-0000-0000-000000000009','internal','所内業務','特集記事の原稿作成（インボイス実務Q&A）',null,
   (now() at time zone 'Asia/Tokyo')::date + 1, (now() at time zone 'Asia/Tokyo')::date + 6,'手動',null,'22222222-2222-2222-2222-222222222222','対応中',50,null),
 ('eeeeeeee-0000-0000-0000-000000000011',null,'eeeeeeee-0000-0000-0000-000000000009','internal','所内業務','配信セグメントの確認（業種・購読状況）',null,
   (now() at time zone 'Asia/Tokyo')::date + 7, (now() at time zone 'Asia/Tokyo')::date + 9,'手動',null,'11111111-1111-1111-1111-111111111111','未対応',0,null),
 ('eeeeeeee-0000-0000-0000-000000000012',null,'eeeeeeee-0000-0000-0000-000000000009','internal','所内業務','配信・開封率チェック',null,
   null, (now() at time zone 'Asia/Tokyo')::date + 14,'手動',null,'22222222-2222-2222-2222-222222222222','未対応',0,null),
 ('eeeeeeee-0000-0000-0000-000000000013',null,null,'internal','所内業務','所内研修: 電子帳簿保存法アップデート',null,
   (now() at time zone 'Asia/Tokyo')::date + 23, (now() at time zone 'Asia/Tokyo')::date + 23,'手動',null,'33333333-3333-3333-3333-333333333333','未対応',0,null),
 -- 全顧問先（企業なし・自動）
 ('eeeeeeee-0000-0000-0000-000000000014',null,null,'client','申告・納付','源泉所得税 納付期限（毎月10日）',null,
   null, (now() at time zone 'Asia/Tokyo')::date + 17,'自動','gensen_monthly',null,'未対応',0,null),
 -- 親課題ツリー: 北斗ロジ 決算準備（7月決算）
 ('eeeeeeee-0000-0000-0000-000000000015','aaaaaaaa-0000-0000-0000-000000000006',null,'client','決算準備','決算準備（7月決算）',
   '決算月の3ヶ月前から準備開始。資料回収 → 試算表レビュー → 決算方針の順で進める。',
   (now() at time zone 'Asia/Tokyo')::date + 3, (now() at time zone 'Asia/Tokyo')::date + 24,'自動','kessan_prep','22222222-2222-2222-2222-222222222222','未対応',0,null),
 ('eeeeeeee-0000-0000-0000-000000000016','aaaaaaaa-0000-0000-0000-000000000006','eeeeeeee-0000-0000-0000-000000000015','client','決算準備','必要資料の依頼・回収',null,
   (now() at time zone 'Asia/Tokyo')::date + 3, (now() at time zone 'Asia/Tokyo')::date + 10,'自動',null,'22222222-2222-2222-2222-222222222222','未対応',0,null),
 ('eeeeeeee-0000-0000-0000-000000000017','aaaaaaaa-0000-0000-0000-000000000006','eeeeeeee-0000-0000-0000-000000000015','client','決算準備','試算表レビュー・論点洗い出し',null,
   (now() at time zone 'Asia/Tokyo')::date + 13, (now() at time zone 'Asia/Tokyo')::date + 17,'自動',null,'33333333-3333-3333-3333-333333333333','未対応',0,null),
 ('eeeeeeee-0000-0000-0000-000000000018','aaaaaaaa-0000-0000-0000-000000000006','eeeeeeee-0000-0000-0000-000000000015','client','決算準備','決算方針ミーティング',null,
   (now() at time zone 'Asia/Tokyo')::date + 22, (now() at time zone 'Asia/Tokyo')::date + 22,'自動',null,'22222222-2222-2222-2222-222222222222','未対応',0,null),
 -- さくら美容室 申告期限（5月決算）
 ('eeeeeeee-0000-0000-0000-000000000019','aaaaaaaa-0000-0000-0000-000000000010',null,'client','申告・納付','法人税・消費税 申告期限（5月決算）',null,
   (now() at time zone 'Asia/Tokyo')::date + 29, (now() at time zone 'Asia/Tokyo')::date + 38,'自動','houjin_shinkoku','11111111-1111-1111-1111-111111111111','未対応',0,null)
on conflict (id) do nothing;

-- コメント・変更履歴（海風マリンの親課題。task-detail モックと整合）
insert into schedule_comments (item_id, kind, body, author, author_label, created_at) values
 ('eeeeeeee-0000-0000-0000-000000000004','event','決算月（4月）から課題を自動生成（子課題 3件）',null,'システム',
   (((now() at time zone 'Asia/Tokyo')::date - 13) + time '06:00') at time zone 'Asia/Tokyo'),
 ('eeeeeeee-0000-0000-0000-000000000004','event','状態を 未対応 → 対応中 に変更','11111111-1111-1111-1111-111111111111',null,
   (((now() at time zone 'Asia/Tokyo')::date - 5) + time '10:15') at time zone 'Asia/Tokyo'),
 ('eeeeeeee-0000-0000-0000-000000000004','event','子課題「申告書ドラフト作成」を完了にしました','22222222-2222-2222-2222-222222222222',null,
   (((now() at time zone 'Asia/Tokyo')::date - 1) + time '18:02') at time zone 'Asia/Tokyo'),
 ('eeeeeeee-0000-0000-0000-000000000004','comment','ドラフト作成完了しました。消費税の中間納付額の充当を反映済み。レビューお願いします → @山田','22222222-2222-2222-2222-222222222222',null,
   (((now() at time zone 'Asia/Tokyo')::date - 1) + time '18:04') at time zone 'Asia/Tokyo'),
 ('eeeeeeee-0000-0000-0000-000000000004','comment','承知しました。期日までにレビューします。役員貸付の利息計上だけ先に確認させてください。','11111111-1111-1111-1111-111111111111',null,
   (((now() at time zone 'Asia/Tokyo')::date - 1) + time '20:00') at time zone 'Asia/Tokyo')
on conflict do nothing;
